id,name
1,/media/img/loveImg/be5fac55fa10de1784bb1a5abb27baf5.jpg
2,/media/img/loveImg/456f3466f83bc10246e050cb3c73d72a.jpg
3,/media/img/loseImg
4,/media/img/loseImg
5,/media/img/loseImg/1ba04541731568ec8cb997f80fa0d246.jpg
6,/media/img/loseImg/1ba04541731568ec8cb997f80fa0d246.jpg
7,/media/img/dealImg/heart.jpg_1559289151.jpg
8,/media/img/dealImg/default_news.jpg_1559289151.jpg
9,/media/img/loveImg/default_news.jpg_1560069333.jpg
10,/media/img/loveImg/poster.jpg_1560069337.jpg
11,/media/img/loseImg/1.jpeg_1560072053.jpg
12,/media/img/loseImg/poster.jpg_1560081063.jpg
13,/media/img/dealImg/poster.jpg_1560243184.jpg
14,/media/img/loveImg/poster.jpg_1560431934.jpg
15,/media/img/loveImg/poster.jpg_1560433971.jpg
16,/media/img/loveImg/logo.png_1606768487.jpg